题号,题目,难度,频度
3,无重复字符的最长子串,2,963
146,LRU缓存机制,2,781
206,反转链表,1,688
215,数组中的第K个最大元素,2,537
25,K 个一组翻转链表,3,448
15,三数之和,2,419
53,最大子数组和,2,348
99990004,手撕快速排序,2,312
21,合并两个有序链表,1,301
5,最长回文子串,2,293
102,二叉树的层序遍历,2,283
1,两数之和,1,283
33,搜索旋转排序数组,2,277
200,岛屿数量,2,275
46,全排列,2,268
20,有效的括号,1,259
88,合并两个有序数组,1,257
121,买卖股票的最佳时机,1,249
103,二叉树的锯齿形层次遍历,2,245
236,二叉树的最近公共祖先,2,244
92,反转链表 II,2,240
141,环形链表,1,238
300,最长上升子序列,2,227
54,螺旋矩阵,2,226
23,合并K个排序链表,3,217
143,重排链表,2,212
415,字符串相加,1,207
56,合并区间,2,198
160,相交链表,1,191
42,接雨水,3,181
72,编辑距离,3,176
124,二叉树中的最大路径和,3,169
93,复原IP地址,2,166
1250,最长公共子序列,2,164
142,环形链表 II,2,163
82,删除排序链表中的重复元素 II,2,162
19,删除链表的倒数第N个节点,2,162
4,寻找两个正序数组的中位数,3,149
199,二叉树的右视图,2,145
94,二叉树的中序遍历,1,139
165,比较版本号,2,137
792,二分查找,1,136
232,用栈实现队列,1,133
22,括号生成,2,131
148,排序链表,2,130
31,下一个排列,2,129
239,滑动窗口最大值,3,128
69,x 的平方根,1,126
8,字符串转换整数 (atoi),2,124
2,两数相加,2,124
32,最长有效括号,3,124
70,爬楼梯,1,122
322,零钱兑换,2,118
43,字符串相乘,2,114
76,最小覆盖子串,3,113
41,缺失的第一个正数,3,108
105,从前序与中序遍历序列构造二叉树,2,102
100294,链表中倒数第k个节点,1,102
151,翻转字符串里的单词,2,100
78,子集,2,98
129,求根到叶子节点数字之和,2,95
155,最小栈,1,94
34,在排序数组中查找元素的第一个和最后一个位置,2,91
101,对称二叉树,1,90
394,字符串解码,2,88
104,二叉树的最大深度,1,86
39,组合总和,2,85
903,用 Rand7() 实现 Rand10(),2,84
144,二叉树的前序遍历,1,84
64,最小路径和,2,82
110,平衡二叉树,1,82
128,最长连续序列,2,81
48,旋转图像,2,80
122,买卖股票的最佳时机 II,1,79
240,搜索二维矩阵 II,2,79
98,验证二叉搜索树,2,79
543,二叉树的直径,1,79
221,最大正方形,2,79
234,回文链表,1,78
695,岛屿的最大面积,2,78
162,寻找峰值,2,76
14,最长公共前缀,1,76
662,二叉树最大宽度,2,74
113,路径总和 II,2,74
179,最大数,2,74
62,不同路径,2,71
198,打家劫舍,2,70
152,乘积最大子数组,2,70
112,路径总和,1,68
560,和为K的子数组,2,67
169,多数元素,1,66
227,基本计算器 II,2,66
83,删除排序链表中的重复元素,1,64
226,翻转二叉树,1,64
209,长度最小的子数组,2,64
718,最长重复子数组,2,64
139,单词拆分,2,63
24,两两交换链表中的节点,2,62
283,移动零,1,60
99990006,手撕堆排序,2,59
739,每日温度,2,58
138,复制带随机指针的链表,2,57
468,验证IP地址,2,57
153,寻找旋转排序数组中的最小值,2,56
297,二叉树的序列化与反序列化,3,56
207,课程表,2,55
224,基本计算器,3,55
460,LFU缓存,3,53
79,单词搜索,2,52
402,移掉K位数字,2,51
47,全排列 II,2,51
136,只出现一次的数字,1,49
11,盛最多水的容器,2,49
99990005,手撕归并排序,2,48
40,组合总和 II,2,48
16,最接近的三数之和,2,47
498,对角线遍历,2,47
100273,用两个栈实现队列,1,47
100318,数组中的逆序对,3,46
61,旋转链表,2,46
123,买卖股票的最佳时机 III,3,46
998,二叉树的完全性检验,2,46
55,跳跃游戏,2,46
100305,二叉搜索树与双向链表,2,46
26,删除排序数组中的重复项,1,45
74,搜索二维矩阵,2,44
7,整数反转,1,44
99990023,检测循环依赖,2,44
114,二叉树展开为链表,2,43
99990001,排序奇升偶降链表,2,43
59,螺旋矩阵 II,2,41
518,零钱兑换 II,2,41
572,另一个树的子树,1,40
100287,树的子结构,2,40
50,"Pow(x, n)",2,40
145,二叉树的后序遍历,2,40
75,颜色分类,2,40
91,解码方法,2,39
440,字典序的第K小数字,3,39
100301,最小的k个数,1,39
100333,二叉搜索树的第k大节点,1,39
442,数组中重复的数据,2,38
329,矩阵中的最长递增路径,3,38
135,分发糖果,3,37
125,验证回文串,1,37
100304,连续子数组的最大和,1,37
450,删除二叉搜索树中的节点,2,37
100277,青蛙跳台阶问题,1,36
10,正则表达式匹配,3,35
445,两数相加 II,2,35
45,跳跃游戏 II,2,35
100276,二维数组中的查找,1,35
328,奇偶链表,2,34
347,前 K 个高频元素,2,34
208,实现 Trie (前缀树),2,34
100274,斐波那契数列,1,34
99990002,圆环回原点问题,2,34
213,打家劫舍 II,2,33
295,数据流的中位数,3,33
230,二叉搜索树中第K小的元素,2,33
106,从中序与后序遍历序列构造二叉树,2,32
287,寻找重复数,2,31
96,不同的二叉搜索树,2,31
225,用队列实现栈,1,31
100343,圆圈中最后剩下的数字,1,31
384,打乱数组,2,30
120,三角形最小路径和,2,30
516,最长回文子序列,2,30
189,轮转数组,2,30
100291,调整数组顺序使奇数位于偶数前面,1,30
44,通配符匹配,3,29
678,有效的括号字符串,2,29
923,鸡蛋掉落,3,29
9,回文数,1,29
679,24 点游戏,3,28
611,有效三角形的个数,2,28
85,最大矩形,3,27
210,课程表 II,2,26
400,第N个数字,2,26
134,加油站,2,25
99990009,36进制加法,2,25
100293,顺时针打印矩阵,1,25
100288,二叉树的镜像,1,25
51,N皇后,3,24
264,丑数 II,2,24
395,至少有K个重复字符的最长子串,2,24
84,柱状图中最大的矩形,3,24
97,交错字符串,2,24
253,会议室 II,2,24
100310,数组中出现次数超过一半的数字,1,24
1046,最大连续1的个数 III,2,24
99990014,阿拉伯数字转中文数字,2,24
63,不同路径 II,2,23
316,去除重复字母,2,23
349,两个数组的交集,1,23
673,最长递增子序列的个数,2,23
100188,链表求和,2,23
71,简化路径,2,23
344,反转字符串,1,23
416,分割等和子集,2,22
443,压缩字符串,2,22
494,目标和,2,22
670,最大交换,2,22
279,完全平方数,2,22
100341,扑克牌中的顺子,1,22
100326,两个链表的第一个公共节点,1,22
18,四数之和,2,21
12,整数转罗马数字,2,21
459,重复的子字符串,1,21
111,二叉树的最小深度,1,21
168,Excel表列名称,1,21
1128,删除字符串中的所有相邻重复项,1,21
343,整数拆分,2,20
37,解数独,3,20
567,字符串的排列,2,20
556,下一个更大元素 III,2,20
378,有序矩阵中第K小的元素,2,20
100275,数组中重复的数字,1,20
1555,切披萨的方案数,3,20
154,寻找旋转排序数组中的最小值 II,3,19
337,打家劫舍 III,2,19
503,下一个更大元素 II,2,19
1122,最长重复子串,3,19
647,回文子串,2,19
100323,把数组排成最小的数,2,19
260,只出现一次的数字 III,2,19
100317,二叉树中和为某一值的路径,2,19
86,分隔链表,2,19
1013,斐波那契数,1,19
6,Z 字形变换,2,18
410,分割数组的最大值,3,18
301,删除无效的括号,3,18
758,将二叉搜索树转化为排序的双向链表,2,18
222,完全二叉树的节点个数,2,18
100278,旋转数组的最小数字,1,18
191,位1的个数,1,18
100329,在排序数组中查找数字 I,1,18
80,删除排序数组中的重复项 II,2,17
17,电话号码的字母组合,2,17
768,划分字母区间,2,17
674,最长连续递增序列,1,17
380,常数时间插入、删除和获取随机元素,2,17
167,两数之和 II - 输入有序数组,1,17
100,相同的树,1,17
860,设计循环队列,2,17
115,不同的子序列,3,17
100332,最长不含重复字符的子字符串,2,17
242,有效的字母异位词,1,17
557,反转字符串中的单词 III,1,17
912,按权重随机选择,2,16
692,前K个高频单词,2,16
77,组合,2,16
893,二叉树中所有距离为 K 的结点,2,16
257,二叉树的所有路径,1,16
108,将有序数组转换为二叉搜索树,1,16
188,买卖股票的最佳时机 IV,3,16
100315,二叉搜索树的后序遍历序列,2,16
268,缺失数字,1,16
1000046,最大子矩阵,3,16
131,分割回文串,2,15
1019,有序数组的平方,1,15
438,找到字符串中所有字母异位词,2,15
892,和至少为 K 的最短子数组,3,15
100314,从上到下打印二叉树 III,2,15
130,被围绕的区域,2,15
908,链表的中间结点,1,15
554,砖墙,2,15
1388,可被三整除的最大和,2,14
235,二叉搜索树的最近公共祖先,1,14
525,连续数组,2,14
817,设计哈希映射,1,14
13,罗马数字转整数,1,14
1185,山脉数组中查找目标值,3,14
99990022,IP地址与整数的转换,2,14
100300,复杂链表的复制,2,14
172,阶乘后的零,1,13
1000021,最小K个数,2,13
983,验证栈序列,2,13
1000015,汉诺塔问题,1,13
100161,字符串压缩,1,13
540,有序数组中的单一元素,2,13
107,二叉树的层次遍历 II,2,13
150,逆波兰表达式求值,2,13
204,计数质数,1,13
753,打开转盘锁,2,13
547,省份数量（原朋友圈）,2,13
354,俄罗斯套娃信封问题,3,13
109,有序链表转换二叉搜索树,2,13
28,实现 strStr(),1,13
680,验证回文字符串 Ⅱ,1,13
100306,栈的压入、弹出序列,2,13
100232,搜索旋转数组,2,13
386,字典序排数,2,13
617,合并二叉树,1,13
100283,重建二叉树,2,13
100298,反转链表,1,13
334,递增的三元子序列,2,12
1016,和可被 K 整除的子数组,2,12
948,排序数组,2,12
202,快乐数,1,12
233,数字 1 的个数,3,12
49,字母异位词分组,2,12
1036,腐烂的橘子,2,12
1660,千位分隔数,1,12
315,计算右侧小于当前元素的个数,3,12
1437,让字符串成为回文串的最少插入次数,3,12
407,接雨水 II,3,12
437,路径总和 III,2,12
99990021,字符串相减,2,12
100308,字符串的排列,2,12
100325,把数字翻译成字符串,2,12
100233,八皇后,3,12
171,Excel表列序号,1,12
938,最大为 N 的数字组合,3,11
238,除自身以外数组的乘积,2,11
628,三个数的最大乘积,1,11
658,找到 K 个最接近的元素,2,11
68,文本左右对齐,3,11
60,第k个排列,3,11
875,数组中的最长山脉,2,11
486,预测赢家,2,11
735,行星碰撞,2,11
73,矩阵置零,2,11
456,132模式,2,11
306,累加数,2,11
943,子数组的最小值之和,2,11
523,连续的子数组和,2,11
435,无重叠区间,2,11
149,直线上最多的点数,3,11
100316,第一个只出现一次的字符,1,11
764,N叉树的层序遍历,2,11
340,至多包含 K 个不同字符的最长子串,3,11
166,分数到小数,2,11
100309,1～n整数中1出现的次数,3,10
452,用最少数量的箭引爆气球,2,10
312,戳气球,3,10
36,有效的数独,2,10
941,按奇偶排序数组,1,10
29,两数相除,2,10
164,最大间距,3,10
1000026,LRU缓存,2,10
866,矩形重叠,1,10
223,矩形面积,2,10
67,二进制求和,1,10
100185,旋转矩阵,2,10
698,划分为k个相等的子集,2,10
581,最短无序连续子数组,1,10
133,克隆图,2,10
118,杨辉三角,1,10
1028,区间列表的交集,2,10
100279,矩阵中的路径,2,10
100284,剪绳子,2,10
137,只出现一次的数字 II,2,10
99,恢复二叉搜索树,3,10
405,数字转换为十六进制数,1,10
99990008,计算数组的小和,2,10
127,单词接龙,3,9
409,最长回文串,1,9
99990017,两个有序数组第k小的数,3,9
30,串联所有单词的子串,3,9
392,判断子序列,1,9
1337,设计跳表,3,9
1414,网格中的最短路径,3,9
451,根据字符出现频率排序,2,9
925,根据前序和后序遍历构造二叉树,2,9
1267,从链表中删去总和值为零的连续节点,2,9
159,至多包含两个不同字符的最长子串,2,9
785,基本计算器 III,3,9
100335,不用加减乘除做加法,1,9
784,二叉搜索树中的插入操作,2,9
252,会议室,1,9
100324,和为s的连续正数序列,1,9
117,填充每个节点的下一个右侧节点指针 II,2,9
35,搜索插入位置,1,8
321,拼接最大数,3,8
722,删除注释,2,8
381,O(1) 时间插入、删除和获取随机元素 - 允许重复,3,8
99990020,立方根,2,8
214,最短回文串,3,8
57,插入区间,3,8
273,整数转换英文表示,3,8
882,山脉数组的峰顶索引,1,8
231,2的幂,1,8
140,单词拆分 II,3,8
774,N叉树的最大深度,1,8
931,最大频率栈,3,8
173,二叉搜索树迭代器,2,8
778,重构字符串,2,8
99990024,双栈排序,2,8
100336,滑动窗口的最大值,3,8
907,爱吃香蕉的珂珂,2,8
530,二叉搜索树的最小绝对差,1,8
1249,快照数组,2,7
100296,打印从1到最大的n位数,1,7
421,数组中两个数的最大异或值,2,7
100339,n个骰子的点数,2,7
99990007,木头切割问题,2,7
480,滑动窗口中位数,3,7
1350,删除子文件夹,2,7
1000007,返回倒数第 k 个节点,1,7
1776,将 x 减到 0 的最小操作数,2,7
1415,学生们参加各科测试的次数,1,7
350,两个数组的交集 II,1,7
119,杨辉三角 II,1,7
99990003,求区间最小数乘区间和的最大值,3,7
789,数据流中的第K大元素,1,7
100286,合并两个排序的链表,1,7
1206,航班预订统计,2,7
100303,数据流中的中位数,3,7
1549,绝对差不超过限制的最长连续子数组,2,7
454,四数相加 II,2,7
99990013,中文数字转阿拉伯数字,2,7
716,最大栈,1,7
99990012,二叉树的下一个节点,2,7
100262,最小差,2,6
905,最长的斐波那契子序列的长度,2,6
382,链表随机节点,2,6
797,森林中的兔子,2,6
901,优势洗牌,2,6
954,环形子数组的最大和,2,6
652,寻找重复的子树,2,6
1087,最长等差数列,2,6
376,摆动序列,2,6
909,石子游戏,2,6
373,查找和最小的K对数字,2,6
365,水壶问题,2,6
951,分割数组,2,6
726,原子的数量,3,6
802,第 K 个最小的素数分数,3,6
1062,将数组分成和相等的三个部分,1,6
100344,股票的最大利润,2,6
632,最小区间,3,5
187,重复的DNA序列,2,5
331,验证二叉树的前序序列化,2,5
621,任务调度器,2,5
1130,最后一块石头的重量 II,2,5
832,二叉树剪枝,2,5
399,除法求值,2,5
325,和等于 k 的最长子数组长度,2,5
1465,分裂二叉树的最大乘积,2,5
52,N皇后 II,3,5
633,平方数之和,2,5
839,单词的压缩编码,2,5
1320,删除字符串中的所有相邻重复项 II,2,5
99990011,翻转URL字符串里的单词,2,5
212,单词搜索 II,3,5
132,分割回文串 II,3,5
205,同构字符串,1,5
387,字符串中的第一个唯一字符,1,5
539,最小时间差,2,5
237,删除链表中的节点,1,5
311,稀疏矩阵的乘法,2,5
473,火柴拼正方形,2,5
812,旋转字符串,1,5
1056,在 D 天内送达包裹的能力,2,5
714,买卖股票的最佳时机含手续费,2,5
1000011,迷路的机器人,2,5
1539,对角线遍历 II,2,5
27,移除元素,1,5
241,为运算表达式设计优先级,2,5
1450,删除给定值的叶子节点,2,5
1222,删除被覆盖区间,2,5
1000006,一次编辑,2,5
303,区域和检索 - 数组不可变,1,5
393,UTF-8 编码验证,2,5
100199,递归乘法,2,5
513,找树左下角的值,2,5
694,不同岛屿的数量,2,5
801,判断二分图,2,5
1096,两个非重叠子数组的最大和,2,5
100292,二进制中1的个数,1,5
89,格雷编码,2,5
100337,队列的最大值,2,5
765,序列化和反序列化 N 叉树,3,5
100328,翻转单词顺序,1,5
1586,删掉一个元素以后全为 1 的最长子数组,2,5
404,左叶子之和,1,5
449,序列化和反序列化二叉搜索树,2,5
1478,最多可以参加的会议数目,2,5
100297,正则表达式匹配,3,5
100331,0～n-1中缺失的数字,1,5
986,给定数字能组成的最大时间,1,4
256,粉刷房子,1,4
100167,链表相交,1,4
747,使用最小花费爬楼梯,1,4
1538,可获得的最大点数,2,4
398,随机数索引,2,4
1316,交替打印字符串,2,4
1092,节点与其祖先之间的最大差值,2,4
1380,统计封闭岛屿的数目,2,4
292,Nim 游戏,1,4
309,最佳买卖股票时机含冷冻期,2,4
58,最后一个单词的长度,1,4
1029,二叉树的垂序遍历,2,4
856,连续整数求和,3,4
1000027,计算器,2,4
1187,交替打印FooBar,2,4
269,火星词典,3,4
1371,移除无效的括号,2,4
1091,子树的最大平均值,2,4
1000022,最长单词,2,4
1025,最低票价,2,4
1362,飞机座位分配概率,2,4
274,H 指数,2,4
807,自定义字符串排序,2,4
116,填充每个节点的下一个右侧节点指针,2,4
697,数组的度,1,4
1018,三角形的最大周长,1,4
823,数组的均值分割,3,4
538,把二叉搜索树转换为累加树,1,4
100281,机器人的运动范围,2,4
1007,连续差相同的数字,2,4
326,3的幂,1,4
1081,视频拼接,2,4
100231,硬币,2,4
1261,单字符重复子串的最大长度,2,4
147,对链表进行插入排序,2,4
217,存在重复元素,1,4
1352,规划兼职工作,3,4
825,保持城市天际线,2,4
687,最长同值路径,2,4
1022,不同路径 III,3,4
90,子集 II,2,4
100356,部分排序,2,4
1008,监控二叉树,3,4
958,按奇偶排序数组 II,1,4
582,杀死进程,2,4
99990019,判断一个点是否在三角形内,2,4
280,摆动排序,2,4
744,网络延迟时间,2,4
783,二叉搜索树中的搜索,1,4
324,摆动排序 II,2,4
203,移除链表元素,1,4
369,给单链表加一,2,4
100299,删除链表的节点,1,4
318,最大单词长度乘积,2,3
1197,解析布尔表达式,3,3
971,最短的桥,2,3
417,太平洋大西洋水流问题,2,3
1039,找到小镇的法官,1,3
1646,第 k 个缺失的正整数,1,3
100334,丑数,2,3
1184,拼车,2,3
65,有效数字,3,3
653,两数之和 IV - 输入 BST,1,3
1000090,最小跳跃次数,3,3
455,分发饼干,1,3
787,滑动谜题,3,3
216,组合总和 III,2,3
541,反转字符串 II,1,3
583,两个字符串的删除操作,2,3
593,有效的正方形,2,3
808,匹配子序列的单词数,2,3
922,可能的二分法,2,3
816,设计哈希集合,1,3
1044,查找常用字符,1,3
940,水果成篮,2,3
1765,合并两个链表,2,3
1107,最少交换次数来组合所有的 1,2,3
314,二叉树的垂直遍历,2,3
391,完美矩形,3,3
490,迷宫,2,3
474,一和零,2,3
740,删除与获得点数,2,3
1229,颜色交替的最短路径,2,3
505,迷宫 II,2,3
524,通过删除字母匹配到字典里最长单词,2,3
341,扁平化嵌套列表迭代器,2,3
1129,最长字符串链,2,3
1526,HTML 实体解析器,2,3
1460,包含所有三种字符的子字符串数目,2,3
290,单词规律,1,3
310,最小高度树,2,3
1634,克隆 N 叉树,2,3
491,递增子序列,2,3
1105,不相交的线,2,3
724,寻找数组的中心索引,1,3
100340,把字符串转换成整数,2,3
100312,从上到下打印二叉树 II,1,3
345,反转字符串中的元音字母,1,3
263,丑数,1,3
1203,按序打印,1,3
1034,K 个不同整数的子数组,3,3
1170,最短公共超序列,3,3
414,第三大的数,1,3
594,最长和谐子序列,1,3
332,重新安排行程,3,3
746,前缀和后缀搜索,3,3
100327,礼物的最大价值,2,3
1298,反转每对括号间的子串,2,3
463,岛屿的周长,1,3
1762,可以到达的最远建筑,2,3
1112,拼写单词,1,3
475,供暖器,1,3
917,救生艇,2,3
713,乘积小于K的子数组,2,3
1757,到家的最少跳跃次数,2,3
1177,树的直径,2,3
377,组合总和 Ⅳ,2,3
733,图像渲染,1,3
813,所有可能的路径,2,3
446,等差数列划分 II - 子序列,3,3
100295,数值的整数次方,2,3
406,根据身高重建队列,2,3
915,在圆内随机生成点,2,3
424,替换后的最长重复字符,2,3
654,最大二叉树,2,3
761,员工空闲时间,3,3
66,加一,1,3
304,二维区域和检索 - 矩阵不可变,2,3
738,单调递增的数字,2,3
100321,数组中数字出现的次数 II,2,3
1620,检查数组对是否可以被 k 整除,2,3
100338,构建乘积数组,2,3
878,字母移位,2,3
1263,掷骰子的N种方法,2,3
1014,最接近原点的 K 个点,2,3
1254,层数最深叶子节点的和,2,3
99990010,36进制减法,2,3
1059,有序数组中的缺失元素,2,3
1277,形成三的最大倍数,3,3
564,寻找最近的回文数,3,3
305,岛屿数量 II,3,3
448,找到所有数组中消失的数字,1,3
100280,替换空格,1,3
988,翻转等价二叉树,2,3
190,颠倒二进制位,1,3
99990018,反转双向链表,2,3
872,将数组拆分成斐波那契序列,2,3
1114,从二叉搜索树到更大和树,2,3
841,字符的最短距离,1,3
100163,移除重复节点,1,3
668,乘法表中第k小的数,3,3
100319,二叉树的深度,1,3
1716,矩阵的最大非负积,2,2
397,整数替换,2,2
1411,二进制链表转整数,1,2
780,最多能完成排序的块,2,2
1000008,分割链表,2,2
883,车队,2,2
275,H指数 II,2,2
357,计算各个位数不同的数字个数,2,2
736,Lisp 语法解析,3,2
1402,统计全为 1 的正方形子矩阵,2,2
629,K个逆序对数组,3,2
477,汉明距离总和,2,2
610,判断三角形,1,2
977,不同的子序列 II,3,2
800,字母大小写全排列,1,2
1000036,马戏团人塔,2,2
1274,日期之间隔几天,1,2
1484,二叉树中的列表,2,2
1389,推箱子,3,2
298,二叉树最长连续序列,2,2
423,从英文中重建数字,2,2
1100,最低成本联通所有城市,2,2
889,亲密字符串,1,2
1216,打印零与奇偶数,2,2
496,下一个更大元素 I,1,2
1076,字母切换,2,2
388,文件的最长绝对路径,2,2
1050,先序遍历构造二叉树,2,2
830,最大三角形面积,1,2
100168,环路检测,2,2
1612,避免洪水泛滥,2,2
244,最短单词距离 II,2,2
631,设计 Excel 求和公式,3,2
880,矩形面积 II,3,2
811,区间子数组个数,2,2
1482,有多少小于当前数字的数字,1,2
1370,统计「优美子数组」,2,2
1073,飞地的数量,2,2
937,股票价格跨度,2,2
775,N叉树的前序遍历,1,2
1475,二叉搜索子树的最大键值和,3,2
1288,删除一次得到子数组最大和,2,2
1072,链表中的下一个更大节点,2,2
184,部门工资最高的员工,2,2
1502,构造 K 个回文字符串,2,2
1340,哲学家进餐,2,2
1574,数组中两元素的最大乘积,1,2
1042,合并石头的最低成本,3,2
338,比特位计数,2,2
1000043,最短超串,2,2
1119,困于环中的机器人,2,2
752,IP 到 CIDR,1,2
461,汉明距离,1,2
831,最大平均值和的分组,2,2
277,搜寻名人,2,2
176,第二高的薪水,1,2
575,分糖果,1,2
982,使数组唯一的最小增量,2,2
180,连续出现的数字,2,2
1331,黄金矿工,2,2
712,两个字符串的最小ASCII删除和,2,2
766,扁平化多级双向链表,2,2
1396,统计参与通信的服务器,2,2
1000044,消失的两个数字,3,2
1192,分享巧克力,3,2
38,外观数列,1,2
100158,判定字符是否唯一,1,2
186,翻转字符串里的单词 II,2,2
1171,二进制矩阵中的最短路径,2,2
1169,受标签影响的最大值,2,2
799,二叉搜索树节点最小距离,1,2
1009,煎饼排序,2,2
1083,小于 K 的两数之和,1,2
265,粉刷房子 II,3,2
462,最少移动次数使数组元素相等 II,2,2
1000,删列造序 III,3,2
100202,堆箱子,3,2
1737,括号的最大嵌套深度,1,2
1270,餐盘栈,3,2
838,设计链表,2,2
1397,搜索推荐系统,2,2
353,贪吃蛇,2,2
1026,不含 AAA 或 BBB 的字符串,2,2
1219,表现良好的最长时间段,2,2
1447,跳跃游戏 IV,3,2
1491,灯泡开关 III,2,2
1296,树节点的第 K 个祖先,3,2
755,到达终点数字,2,2
420,强密码检验器,3,2
100347,二叉树的最近公共祖先,1,2
211,添加与搜索单词 - 数据结构设计,2,2
403,青蛙过河,3,2
1168,复写零,1,2
1361,铺瓷砖,3,2
696,计数二进制子串,1,2
351,安卓系统手势解锁,2,2
432,全 O(1) 的数据结构,3,2
1321,尽可能使字符串相等,2,2
1629,最多 K 次交换相邻数位后得到的最小整数,3,2
1033,坏了的计算器,2,2
1000035,婴儿名字,2,2
501,二叉搜索树中的众数,1,2
229,求众数 II,2,2
100285,剪绳子 II,2,2
100197,三步问题,1,2
259,较小的三数之和,2,2
795,第K个语法符号,2,2
413,等差数列划分,2,2
854,最大人工岛,3,2
1207,删点成林,2,2
688,“马”在棋盘上的概率,2,2
1587,并行课程 II,3,2
1117,地图分析,2,2
482,密钥格式化,1,2
100290,表示数值的字符串,2,2
396,旋转函数,2,2
485,最大连续1的个数,1,2
100346,二叉搜索树的最近公共祖先,1,2
542,01 矩阵,2,2
383,赎金信,1,2
1000033, 字母与数字,2,2
100311,从上到下打印二叉树,2,2
511,从始点到终点的所有路径,2,2
100342,平衡二叉树,1,2
815,香槟塔,2,2
1679,删除最短的子数组使剩余数组有序,2,2
669,修剪二叉搜索树,1,2
509,二叉搜索树中的中序后继 II,2,2
100282,从尾到头打印链表,1,2
916,索引处的解码字符串,2,2
727,最小窗口子序列,3,2
100313,数字序列中某一位的数字,2,2
342,4的幂,1,2
1031,数组形式的整数加法,1,2
201,数字范围按位与,2,2
1159,不同字符的最小子序列,2,2
319,灯泡开关,2,2
1084,长度为 K 的无重复字符子串,2,2
1260,一年中的第几天,1,2
100322,和为s的两个数字,1,2
877,访问所有节点的最短路径,3,2
863,树中距离之和,3,2
100345,求1+2+…+n,2,2
1239,最大的以 1 为边界的正方形,2,2
1000030,单词转换,2,2
529,扫雷游戏,2,2
781,基本计算器 IV,3,2
333,最大 BST 子树,2,2
1032,等式方程的可满足性,2,2
911,盈利计划,3,2
967,下降路径最小和,2,2
665,非递减数列,1,2
898,转置矩阵,1,2
100289,对称的二叉树,1,2
81,搜索旋转排序数组 II,2,2
457,环形数组循环,2,2
637,二叉树的层平均值,1,2
1458,根据数字二进制下 1 的数目排序,1,2
902,最低加油次数,3,2
1231,将每个元素替换为右侧最大元素,1,2
100320,数组中数字出现的次数,2,2
278,第一个错误的版本,1,2
833,公交路线,3,2
1527,给 N x 3 网格图涂色的方案数,3,2
362,敲击计数器,2,2
100260,交点,3,2
220,存在重复元素 III,2,2
100330,左旋转字符串,1,2
1307,丑数 III,2,2
1501,圆和矩形是否有重叠,2,1
568,最大休假天数,3,1
1424,你能从盒子里获得的最大糖果数,3,1
1683,你可以获得的最大硬币数目,2,1
1060,最长重复子串,2,1
1285,将二叉搜索树变平衡,2,1
1104,边框着色,2,1
606,根据二叉树创建字符串,1,1
471,编码最短长度的字符串,3,1
87,扰乱字符串,3,1
956,播放列表的数量,3,1
464,我能赢吗,2,1
1183,大样本统计,2,1
1000087,小张刷题计划,2,1
371,两整数之和,1,1
990,验证外星语词典,1,1
100259,单词频率,2,1
1299,K 次串联后最大子数组之和,2,1
185,部门工资前三高的所有员工,3,1
1780,二叉树的最近公共祖先 II,2,1
1790,二叉树的最近公共祖先 III,2,1
1816,Lowest Common Ancestor of a Binary Tree IV,2,1
1474,二叉树中的最长交错路径,2,1
803,K 站中转内最便宜的航班,2,1
1271,网络爬虫,2,1
1532,重新格式化字符串,1,1
1487,安排电影院座位,2,1
335,路径交叉,3,1
535,TinyURL 的加密与解密,2,1
1676,吃掉 N 个橘子的最少天数,3,1
1088,一月有多少天,1,1
1766,得到山形数组的最少删除次数,3,1
1524,数组中的字符串匹配,1,1
1585,n 的第 k 个因子,2,1
157,用 Read4 读取 N 个字符,1,1
862,字符串中的查找与替换,2,1
843,带因子的二叉树,2,1
1368,多线程网页爬虫,2,1
246,中心对称数,1,1
447,回旋镖的数量,1,1
630,课程表 III,3,1
906,模拟行走机器人,1,1
1225,查询活跃业务,2,1
1625,按日期分组销售产品,1,1
914,非重叠矩形中的随机点,2,1
1605,制作 m 束花所需的最少天数,2,1
1146,字符串的最大公因子,1,1
1528,拥有最多糖果的孩子,1,1
732,我的日程安排表 III,3,1
1741,按照频率将数组升序排序,1,1
1372,检查「好数组」,3,1
286,墙与门,2,1
1694,使数组和能被 P 整除,2,1
1306,最小绝对差,1,1
1760,能否连接形成数组,1,1
1000004,模式匹配,2,1
1351,替换子串得到平衡字符串,2,1
1281,构建回文串检测,2,1
1066,不动点,1,1
1024,按位与为零的三元组,3,1
1133,按字典序排在最后的子串,3,1
1582,设计浏览器历史记录,2,1
1273,比较字符串最小字母出现频次,1,1
1360,串联字符串的最大长度,2,1
1048,笨阶乘,2,1
1512,设计地铁系统,2,1
1746,两个相同字符之间的最长子字符串,1,1
1771,销售价值减少的颜色球,2,1
1055,总持续时间可被 60 整除的歌曲,1,1
1196,填充书架,2,1
1195,分糖果 II,1,1
1020,最长湍流子数组,2,1
1583,给房子涂色 III,3,1
655,输出二叉树,2,1
368,最大整除子集,2,1
370,区间加法,2,1
1674,使数组中所有元素相等的最小操作数,2,1
453,最小移动次数使数组元素相等,1,1
981,删列造序,1,1
721,账户合并,2,1
821,打砖块,3,1
1308,交换字符串中的元素,2,1
1613,找到最小生成树里的关键边和伪关键边,3,1
1442,连通网络的操作次数,2,1
794,水位上升的泳池中游泳,3,1
1037,K 连续位的最小翻转次数,3,1
1693,所有奇数长度子数组的和,1,1
170,两数之和 III - 数据结构设计,1,1
1435,子数组异或查询,2,1
1553,形成两个异或相等数组的三元组数目,2,1
1057,至少有 1 位重复的数字,3,1
1121,分隔数组以得到最大和,2,1
1733,可见点的最大数目,3,1
1138,爱生气的书店老板,2,1
644,最大平均子段和 II,3,1
1282,猜字谜,3,1
363,矩形区域不超过 K 的最大数值和,3,1
1127,最后一块石头的重量,1,1
1680,统计所有可行路径,3,1
576,出界的路径数,2,1
1224,下降路径最小和  II,3,1
1234,最大得分的路径数目,3,1
1545,数位成本和为目标值的最大数字,3,1
1753,最小体力消耗路径,2,1
1456,阈值距离内邻居最少的城市,2,1
1764,最大重复子字符串,1,1
871,钥匙和房间,2,1
634,寻找数组的错位排列,2,1
855,统计子串中的唯一字符,3,1
100162,字符串轮转,1,1
645,错误的集合,1,1
502,IPO,3,1
100177,合法二叉搜索树,2,1
974,重新排列日志文件,1,1
1497,设计一个支持增量操作的栈,2,1
1327,最后一个能进入电梯的人,2,1
1000012,合并排序的数组,1,1
1413,元素和小于等于阈值的正方形的最大边长,2,1
163,缺失的区间,2,1
690,员工的重要性,1,1
372,超级次方,2,1
1095,两地调度,1,1
720,词典中最长的单词,1,1
776,N叉树的后序遍历,1,1
719,找出第 k 小的距离对,3,1
444,序列重建,2,1
684,冗余连接,2,1
869,相似字符串组,3,1
962,将字符串翻转到单调递增,2,1
536,从字符串生成二叉树,2,1
1047,K 次取反后最大化的数组和,1,1
1218,最深叶节点的最近公共祖先,2,1
676,实现一个魔法字典,2,1
419,甲板上的战舰,2,1
729,我的日程安排表 I,2,1
1164,等差数列中缺失的数字,1,1
1799,最小不兼容性,3,1
759, 设置交集大小至少为2,3,1
1284,四因数,2,1
1166,抛掷硬币,2,1
1339,查询球队积分,2,1
289,生命游戏,2,1
741,摘樱桃,3,1
276,栅栏涂色,1,1
267,回文排列 II,2,1
1446,时钟指针的夹角,2,1
174,地下城游戏,3,1
1792,找出最具竞争力的子序列,2,1
1217,数组的相对排序,1,1
466,统计重复个数,3,1
946,最小差值 II,2,1
1558,课程安排 IV,2,1
1000063,传递信息,1,1
100171,节点间通路,2,1
1058,按字典序排列最小的等效字符串,2,1
890,柠檬水找零,1,1
1002,最大宽度坡,2,1
1079,从根到叶的二进制数之和,1,1
1030,从叶结点开始的最小字符串,2,1
1630,在区间范围内统计奇数数目,1,1
1689,重复至少 K 次且长度为 M 的模式,1,1
1209,设计有限阻塞队列,2,1
886,括号的分数,2,1
100258,交换数字,2,1
659,分割数组为连续子序列,2,1
994,N 天后的牢房,2,1
751,角矩形的数量,2,1
100169,栈的最小值,1,1
100160,URL化,1,1
385,迷你语法分析器,2,1
819,使序列递增的最小交换次数,2,1
1485,使网格图至少有一条有效路径的最小代价,3,1
650,只有两个键的键盘,2,1
1157,根到叶路径上的不足节点,2,1
1213,不相交的握手,3,1
1248,二叉树着色游戏,2,1
436,寻找右区间,2,1
667,优美的排列 II,2,1
656,金币路径,3,1
1706,连接所有点的最小费用,2,1
730,统计不同回文子序列,3,1
725,分隔链表,2,1
910,第 N 个神奇数字,3,1
1387,在受污染的二叉树中查找元素,2,1
374,猜数字大小,1,1
100174,最小高度树,1,1
953,仅仅反转字母,1,1
1492,通知所有员工所需的时间,2,1
441,排列硬币,1,1
1569,两个子序列的最大点积,3,1
873,猜猜这个单词,3,1
1611,保证文件名唯一,2,1
1787,有序数组中差绝对值之和,2,1
790,全局倒置与局部倒置,2,1
1021,在二叉树中分配硬币,2,1
788,最小化去加油站的最大距离,3,1
360,有序转化数组,2,1
507,完美数,1,1
1255,翻转子数组得到最大的数组值,3,1
1053,最小化舍入误差以满足目标,2,1
281,锯齿迭代器,2,1
991,二倍数对数组,2,1
992,删列造序 II,2,1
1330,最长定差子序列,2,1
1035,二叉树的堂兄弟节点,1,1
1221,有序数组中出现次数超过25%的元素,1,1
196,删除重复的电子邮箱,1,1
390,消除游戏,2,1
434,字符串中的单词数,1,1
1145,元素和为目标值的子矩阵数量,3,1
197,上升的温度,1,1
1668,找出最长的超赞子字符串,3,1
178,分数排名,2,1
177,第N高的薪水,2,1
181,超过经理收入的员工,1,1
1188,花括号展开 II,3,1
1000019,BiNode,1,1
605,种花问题,1,1
1603,一维数组的动态和,1,1
975,二叉搜索树的范围和,1,1
308,二维区域和检索 - 可变,3,1
100173,栈排序,2,1
1808,石子游戏 VII,2,1
472,连接词,3,1
389,找不同,1,1
228,汇总区间,2,1
666,路径和 IV,2,1
966,和相同的二元子数组,2,1
95,不同的二叉搜索树 II,2,1
1150,查找两棵二叉搜索树之和,2,1
1000047,T9键盘,2,1
1784,完成所有任务的最少初始能量,3,1
1561,重新排列句子中的单词,2,1
1631,和为奇数的子数组数目,2,1
879,到最近的人的最大距离,1,1
677,键值映射,2,1
1275,验证二叉树,2,1
100302,包含min函数的栈,1,1
779,最多能完成排序的块 II,3,1
864,图像重叠,2,1
555,分割连接字符串,2,1
1407,用户分组,2,1
1194,二叉树寻路,2,1
100351,生存人数,2,1
1445,大小为 K 且平均值大于等于阈值的子数组数目,2,1
1675,两球之间的磁力,2,1
612,平面上的最近距离,2,1
1628,统计全 1 子矩形,2,1
1342,可以攻击国王的皇后,2,1
1770,字符频次唯一的最小删除次数,2,1
894,黑名单中的随机数,3,1
218,天际线问题,3,1
1349,缀点成线,1,1
566,重塑矩阵,1,1
99990015,自然数数组的排序,2,1
100187,删除中间节点,1,1
100178,后继者,2,1
1045,检查替换后的词是否有效,2,1
1125,设计文件系统,2,1
299,猜数字游戏,1,1
648,单词替换,2,1
323,无向图中连通分量的数目,2,1
968,漂亮数组,2,1
689,三个无重叠子数组的最大和,3,1
126,单词接龙 II,3,1
1567,定长子串中元音的最大数目,2,1
793,在LR字符串中交换相邻字符,2,1
458,可怜的小猪,3,1
313,超级丑数,2,1
1369,交换字符使得字符串相同,2,1
296,最佳的碰头地点,3,1
646,最长数对链,2,1
924,公平的糖果交换,1,1
884,相似度为 K 的字符串,3,1
219,存在重复元素 II,1,1
1252,破坏回文串,2,1
933,递增顺序查找树,1,1
891,翻转矩阵后的得分,2,1
1542,连续字符,1,1
978,有效的山脉数组,1,1
874,比较含退格的字符串,1,1
1794,数组的最小偏移量,3,1
1041,可以被一步捕获的棋子数,1,1
987,按递增顺序显示卡牌,2,1
1690,乘积为正数的最长子数组长度,2,1
570,至少有5名直接下属的经理,2,1
355,设计推特,2,1
1570,商品折扣后的最终价格,1,1
493,翻转对,3,1
1000139,速算机器人,1,1
963,三等分,3,1
1304,最长快乐字符串,2,1
1428,跳跃游戏 III,2,1
367,有效的完全平方数,1,1
100195,堆盘子,2,1
100093,覆盖,3,1
1144,水资源分配优化,3,1
1480,电影评分,2,1
514,自由之路,3,1
1713,两个稀疏向量的点积,2,1
1738,最大网络秩,2,1
643,子数组最大平均数 I,1,1
258,各位相加,1,1
598,范围求和 II,1,1
770,情侣牵手,3,1
728,自除数,1,1
1204,每日新用户统计,2,1
1535,生成数组,3,1
717,1比特与2比特字符,1,1
1685,石子游戏 V,3,1
588,设计内存文件系统,3,1
361,轰炸敌人,2,1
1642,换酒问题,1,1
549,二叉树中最长的连续序列,2,1
609,在系统中查找重复文件,2,1
1000029,直方图的水量,3,1
569,员工薪水中位数,3,1
307,区域和检索 - 数组可修改,2,1
1621,满足条件的子序列数目,2,1
965,独特的电子邮件地址,1,1
1242,矩阵区域和,2,1
955,完全二叉树插入器,2,1
896,具有所有最深结点的最小子树,2,1
993,最高的广告牌,3,1
255,验证前序遍历序列二叉搜索树,2,1
562,矩阵中最长的连续1线段,2,1
1251,段式回文,3,1
515,在每个树行中找最大值,2,1
636,函数的独占时间,2,1
771,将 N 叉树编码为二叉树,3,1
